{
  "ec_scalar_mul_var":     {"16": 33.033210, "48": 24.612980, "64": 22.243725},
  "ec_scalar_mul_var_384": {"16": 84.850010, "48": 59.589320, "64": 53.384940},
  "ecdsa_verify_256":      {"16": 37.908080, "48": 28.192430, "64": 25.482275},
  "ecdsa_verify_384":      {"16": 98.724640, "48": 69.185655, "64": 61.958575},
  "ecdsa_verify_with_msg_384": {"16": 98.741685, "48": 69.202700, "64": 61.975620}
}
